graph_type,method,repetition,dimension,depth,max_parents,sparsity,correlation,observed_fraction,observation_strategy,block_size,runtime_seconds,ess_mean,ess_per_second,mean_rmse,variance_rmse,covariance_frobenius_error,posterior_condition_number,mean_abs_posterior_corr,max_abs_posterior_corr,precision_density,block_within_precision_mass,block_cut_ratio,n_blocks,mean_block_size,max_block_size_actual,gibbs_spectral_radius,rb_mean_rmse,rb_variance_rmse
random_sparse,block_topological,0,60,,6,0.18,0.8,0.4,uniform,2,0.10930587600000763,174.2320481767406,1593.9861108356922,0.0798084655433863,0.13876246651497964,2.5539628555926845,57.48055373637246,0.12203039454316314,0.683874442161953,0.30634920634920637,0.026817531178399082,0.9731824688216009,18,2.0,2,0.8435104212886542,0.06462440915475154,0.09732361267503618
random_sparse,block_random,0,60,,6,0.18,0.8,0.4,uniform,2,0.10985232899997754,163.13267211647633,1485.0178744640878,0.10393437767116112,0.09341241518304551,2.3844813279303727,57.48055373637246,0.12203039454316314,0.683874442161953,0.30634920634920637,0.011531123681699966,0.9884688763183,18,2.0,2,0.827649523113138,0.0899205921307346,0.05967675658843694
random_sparse,block_precision_bfs,0,60,,6,0.18,0.8,0.4,uniform,2,0.12620283599994764,184.12469179525905,1458.9584325611784,0.05185663587005454,0.13071668756326116,3.072319595038514,57.48055373637246,0.12203039454316314,0.683874442161953,0.30634920634920637,0.17870775439544725,0.8212922456045527,20,1.8,2,0.7776202237702874,0.039758919471641126,0.10872476929991735
random_sparse,block_topological,0,60,,6,0.18,0.8,0.4,uniform,4,0.056655511000030856,181.0592935869263,3195.793143350656,0.06843217640296803,0.13270617182273106,2.9648246421332725,57.48055373637246,0.12203039454316314,0.683874442161953,0.30634920634920637,0.08517059424790917,0.9148294057520908,9,4.0,4,0.8441666868042508,0.054334445053370754,0.09041608450795972
random_sparse,block_random,0,60,,6,0.18,0.8,0.4,uniform,4,0.05712297700006275,198.542784546558,3475.7079370415154,0.0433394709384884,0.07258258021293386,2.2321724448371913,57.48055373637246,0.12203039454316314,0.683874442161953,0.30634920634920637,0.07449074035761187,0.9255092596423882,9,4.0,4,0.8348244624303514,0.02690775574186085,0.04943328381063034
random_sparse,block_precision_bfs,0,60,,6,0.18,0.8,0.4,uniform,4,0.0797001129999444,237.91922720096125,2985.180550510979,0.09837269244600154,0.06960368650601137,1.9221304400682804,57.48055373637246,0.12203039454316314,0.683874442161953,0.30634920634920637,0.23287924858928358,0.7671207514107165,11,3.272727272727273,4,0.7911041635585208,0.07948776618301784,0.05249199172488243
random_sparse,block_topological,0,60,,6,0.18,0.8,0.4,uniform,8,0.03365107899992381,215.38560855189033,6400.555790569983,0.10397443613847894,0.10076013558862232,2.257111833843697,57.48055373637246,0.12203039454316314,0.683874442161953,0.30634920634920637,0.2667935251196356,0.7332064748803644,5,7.2,8,0.7973200939216916,0.08149469352104352,0.0678883164515348
random_sparse,block_random,0,60,,6,0.18,0.8,0.4,uniform,8,0.033628596000085054,239.48386022159744,7121.434990059999,0.10004639515280703,0.14725450642002522,2.4532956666488475,57.48055373637246,0.12203039454316314,0.683874442161953,0.30634920634920637,0.22321916602799866,0.7767808339720014,5,7.2,8,0.8033960136609313,0.0770936796447019,0.09512797430962854
random_sparse,block_precision_bfs,0,60,,6,0.18,0.8,0.4,uniform,8,0.05485317099999065,257.3731248695105,4692.037309375502,0.056438207873112996,0.07658131218171585,2.013254883338545,57.48055373637246,0.12203039454316314,0.683874442161953,0.30634920634920637,0.4023668483860056,0.5976331516139943,8,4.5,8,0.8103282964340642,0.039165629218429004,0.02398004688094203
random_sparse,block_topological,0,60,,6,0.18,0.8,0.4,uniform,12,0.0221814720000566,239.0324596193651,10776.221687124964,0.0851468551573,0.09357388173584563,1.913943251610063,57.48055373637246,0.12203039454316314,0.683874442161953,0.30634920634920637,0.35267563782558653,0.6473243621744135,3,12.0,12,0.7529726091204345,0.07109836204478201,0.039444389895324075
random_sparse,block_random,0,60,,6,0.18,0.8,0.4,uniform,12,0.02170768499991027,217.50423654111276,10019.688259803466,0.05505779716240434,0.0814983574778051,2.4826191278813843,57.48055373637246,0.12203039454316314,0.683874442161953,0.30634920634920637,0.3034752976542521,0.6965247023457479,3,12.0,12,0.8137408610633534,0.03896113969429776,0.057004131336282744
random_sparse,block_precision_bfs,0,60,,6,0.18,0.8,0.4,uniform,12,0.0350784020000674,277.7924767419276,7919.188472194197,0.037669221779266814,0.09135695722322583,2.039454964517225,57.48055373637246,0.12203039454316314,0.683874442161953,0.30634920634920637,0.4599697714160929,0.5400302285839071,5,7.2,12,0.7191572351710876,0.019926722751563913,0.049729346652889785
random_sparse,block_topological,0,60,,6,0.18,0.8,0.4,uniform,16,0.02170499299995754,273.08116033794056,12581.490366685433,0.06550482667011905,0.10884026074149186,1.9954848378193932,57.48055373637246,0.12203039454316314,0.683874442161953,0.30634920634920637,0.5295622487578411,0.4704377512421589,3,12.0,16,0.7764471569779506,0.05025381598690989,0.04397715783258566
random_sparse,block_random,0,60,,6,0.18,0.8,0.4,uniform,16,0.02210220400002072,241.76197198813037,10938.364879262888,0.08712528609473365,0.08645481747335072,2.0576888953337664,57.48055373637246,0.12203039454316314,0.683874442161953,0.30634920634920637,0.28148446202969246,0.7185155379703075,3,12.0,16,0.7934235428755059,0.05566075396588423,0.036334508730605584
random_sparse,block_precision_bfs,0,60,,6,0.18,0.8,0.4,uniform,16,0.028173261000006278,298.3286509781935,10589.070643193452,0.06579346503452656,0.08515480345519066,1.8717044302405372,57.48055373637246,0.12203039454316314,0.683874442161953,0.30634920634920637,0.5555234954761022,0.44447650452389775,4,9.0,16,0.7312830467199438,0.046020915026413416,0.0275002714115123
random_sparse,block_topological,0,60,,6,0.18,0.8,0.4,deep,2,0.113367225999923,187.99312526696298,1658.2669603919803,0.0680331138456785,0.12419478151293345,1.776191192243259,51.75039001035694,0.11687814449399547,0.6559995104347767,0.43174603174603177,0.016878344739623432,0.9831216552603765,18,2.0,2,0.7952868319278154,0.053909454544924136,0.08711248528755997
random_sparse,block_random,0,60,,6,0.18,0.8,0.4,deep,2,0.11165389000007053,190.171088896127,1703.219555503233,0.08751573535073838,0.08227003440378818,1.970963409858513,51.75039001035694,0.11687814449399547,0.6559995104347767,0.43174603174603177,0.01627367588773376,0.9837263241122662,18,2.0,2,0.7983733415711262,0.07107473591500287,0.045020612375110534
random_sparse,block_precision_bfs,0,60,,6,0.18,0.8,0.4,deep,2,0.12326056699998844,214.62098951376524,1741.1974870583335,0.10719104256503041,0.0743702564671876,1.9552017358144136,51.75039001035694,0.11687814449399547,0.6559995104347767,0.43174603174603177,0.16343722386040785,0.8365627761395922,20,1.8,2,0.7808265277392157,0.09256580302017682,0.05371029016169215
random_sparse,block_topological,0,60,,6,0.18,0.8,0.4,deep,4,0.05793197100001635,195.44541333169607,3373.705571516649,0.09718031632094955,0.09282778345624729,1.8497222736587995,51.75039001035694,0.11687814449399547,0.6559995104347767,0.43174603174603177,0.08963883278440024,0.9103611672155998,9,4.0,4,0.7727405352903971,0.0782207143619404,0.05050144311610538
random_sparse,block_random,0,60,,6,0.18,0.8,0.4,deep,4,0.05718145100001948,198.36120302051063,3468.9781310453814,0.10973202469437211,0.12904958270997866,1.6640627155556402,51.75039001035694,0.11687814449399547,0.6559995104347767,0.43174603174603177,0.083404666636425,0.916595333363575,9,4.0,4,0.7947087594251561,0.09020181015680545,0.08258718657903388
random_sparse,block_precision_bfs,0,60,,6,0.18,0.8,0.4,deep,4,0.07564893699998265,221.76917123806822,2931.557005726585,0.0429569677427828,0.08302222613154803,1.676484416353235,51.75039001035694,0.11687814449399547,0.6559995104347767,0.43174603174603177,0.18632918379089553,0.8136708162091044,12,3.0,4,0.770687436965623,0.030683477834308883,0.04021042424925125
random_sparse,block_topological,0,60,,6,0.18,0.8,0.4,deep,8,0.033443229999988944,231.67438803060546,6927.392719862347,0.07488421187138916,0.08864006920803524,1.6969777572265965,51.75039001035694,0.11687814449399547,0.6559995104347767,0.43174603174603177,0.22526585133082802,0.774734148669172,5,7.2,8,0.7432423100996133,0.05957520689058631,0.05926662913642989
random_sparse,block_random,0,60,,6,0.18,0.8,0.4,deep,8,0.036409600999945724,251.28990885244215,6901.748493558519,0.054749700082534235,0.08033903170967155,1.6041365537106709,51.75039001035694,0.11687814449399547,0.6559995104347767,0.43174603174603177,0.23401913342060784,0.7659808665793921,5,7.2,8,0.7853743556691946,0.039903542613595584,0.04512531643696016
random_sparse,block_precision_bfs,0,60,,6,0.18,0.8,0.4,deep,8,0.04616419000001315,218.6993358230243,4737.423873850316,0.08861921780320413,0.0742778197948454,1.8973168961259625,51.75039001035694,0.11687814449399547,0.6559995104347767,0.43174603174603177,0.3360273459945981,0.6639726540054018,7,5.142857142857143,8,0.7663330847562335,0.0659952713357677,0.04879115543871594
random_sparse,block_topological,0,60,,6,0.18,0.8,0.4,deep,12,0.02222705600001973,297.23783493143196,13372.793721812197,0.06352563745113804,0.05972170217584535,1.4301954239649566,51.75039001035694,0.11687814449399547,0.6559995104347767,0.43174603174603177,0.4054763891021649,0.5945236108978351,3,12.0,12,0.6738358406308572,0.04641958976774476,0.021666362913470613
random_sparse,block_random,0,60,,6,0.18,0.8,0.4,deep,12,0.021324437999965085,275.60369751032516,12924.312355184995,0.07351669273590665,0.06331146892889189,1.40471524729269,51.75039001035694,0.11687814449399547,0.6559995104347767,0.43174603174603177,0.3258316268412376,0.6741683731587624,3,12.0,12,0.690852885442502,0.0543798570730434,0.02540183249444314
random_sparse,block_precision_bfs,0,60,,6,0.18,0.8,0.4,deep,12,0.021558654000045863,305.67242688131404,14178.641527465665,0.07406323765267883,0.10025299105201335,1.669229280910962,51.75039001035694,0.11687814449399547,0.6559995104347767,0.43174603174603177,0.4812359268191147,0.5187640731808854,3,12.0,12,0.6674262340589928,0.047444105019142646,0.06291582094094555
random_sparse,block_topological,0,60,,6,0.18,0.8,0.4,deep,16,0.02448357900004794,283.8348608319523,11592.866420035916,0.09364309099046812,0.08767111812366511,1.567467437055654,51.75039001035694,0.11687814449399547,0.6559995104347767,0.43174603174603177,0.4648554164613629,0.535144583538637,3,12.0,16,0.705511492772498,0.07305759568219931,0.03773956812823229
random_sparse,block_random,0,60,,6,0.18,0.8,0.4,deep,16,0.022530595000034737,256.97778026071984,11405.72542626254,0.08832981530514143,0.06448887485189451,1.5498933842691731,51.75039001035694,0.11687814449399547,0.6559995104347767,0.43174603174603177,0.33332636660344056,0.6666736333965595,3,12.0,16,0.7470676215347992,0.06731402328522172,0.022108433294866142
random_sparse,block_precision_bfs,0,60,,6,0.18,0.8,0.4,deep,16,0.03302628799997365,296.395193369033,8974.523366636588,0.06006193894973342,0.07960259666324931,1.6110792396965101,51.75039001035694,0.11687814449399547,0.6559995104347767,0.43174603174603177,0.5024676488067452,0.4975323511932548,4,9.0,16,0.6879216569187043,0.04464318352013855,0.03916856096839245
random_sparse,block_topological,1,60,,6,0.18,0.8,0.4,uniform,2,0.111900879000018,190.09850715283193,1698.811562979781,0.07524562443257234,0.09067198972445356,2.0976750723171826,62.35121575322293,0.11914679449313693,0.6354690867986503,0.3746031746031746,0.013497031671261903,0.9865029683287381,18,2.0,2,0.8167732328511477,0.06235938417525444,0.045199642097304614
random_sparse,block_random,1,60,,6,0.18,0.8,0.4,uniform,2,0.11526312700004837,208.10852587138578,1805.5082426429265,0.11383760402294861,0.16169653991448263,2.379148993259964,62.35121575322293,0.11914679449313693,0.6354690867986503,0.3746031746031746,0.016698021208205203,0.9833019787917948,18,2.0,2,0.807282138277899,0.09843246128114837,0.12019474397708563
random_sparse,block_precision_bfs,1,60,,6,0.18,0.8,0.4,uniform,2,0.12426803000005293,237.9940692107996,1915.1673138352498,0.04647394967524484,0.08494867257759564,1.9452401325816733,62.35121575322293,0.11914679449313693,0.6354690867986503,0.3746031746031746,0.17733504962457625,0.8226649503754238,19,1.894736842105263,2,0.8121260786390925,0.03435645389506026,0.06649832770993296
random_sparse,block_topological,1,60,,6,0.18,0.8,0.4,uniform,4,0.058203638999998475,195.03733769208694,3350.9474844363604,0.06250495449678514,0.10195607696532985,2.237943264968505,62.35121575322293,0.11914679449313693,0.6354690867986503,0.3746031746031746,0.11822293226935628,0.8817770677306437,9,4.0,4,0.7972585361541685,0.0556764088491656,0.07009848716599347
random_sparse,block_random,1,60,,6,0.18,0.8,0.4,uniform,4,0.06331315500005985,198.36411737883915,3133.0632216740996,0.07532971864022377,0.1337541073721032,2.2875818457534,62.35121575322293,0.11914679449313693,0.6354690867986503,0.3746031746031746,0.10711176133116504,0.8928882386688349,9,4.0,4,0.7964635735510954,0.05923334500589615,0.10563145463097695
random_sparse,block_precision_bfs,1,60,,6,0.18,0.8,0.4,uniform,4,0.07179999499999212,230.37848145016062,3208.6141712152753,0.05361395859457081,0.07511913366202479,1.8434988057289077,62.35121575322293,0.11914679449313693,0.6354690867986503,0.3746031746031746,0.22073353157558756,0.7792664684244124,11,3.272727272727273,4,0.7759279534055895,0.042206571450710315,0.044095958418677854
random_sparse,block_topological,1,60,,6,0.18,0.8,0.4,uniform,8,0.03378520600006141,197.89337465088636,5857.397307286707,0.06764487917282633,0.09700535028764633,1.8121142560098422,62.35121575322293,0.11914679449313693,0.6354690867986503,0.3746031746031746,0.2629478016860566,0.7370521983139434,5,7.2,8,0.756225855597097,0.050385635979957946,0.05609576018864546
random_sparse,block_random,1,60,,6,0.18,0.8,0.4,uniform,8,0.036419613000020945,194.28759208382874,5334.6967768086115,0.1078901766458509,0.12956280376589926,2.594697005720574,62.35121575322293,0.11914679449313693,0.6354690867986503,0.3746031746031746,0.17464256947251655,0.8253574305274834,5,7.2,8,0.802731395051616,0.09433905511912191,0.09659314535689528
random_sparse,block_precision_bfs,1,60,,6,0.18,0.8,0.4,uniform,8,0.04940466599998672,254.04998149095192,5142.226474945103,0.07733808872879316,0.13591311646424398,2.34185686334902,62.35121575322293,0.11914679449313693,0.6354690867986503,0.3746031746031746,0.28045012552570064,0.7195498744742994,7,5.142857142857143,8,0.7564327352187796,0.05517457157571908,0.09790130654756359
random_sparse,block_topological,1,60,,6,0.18,0.8,0.4,uniform,12,0.023201251000045886,273.0663495092999,11769.466633879349,0.0675276201751844,0.06987420958761252,1.8035079137129555,62.35121575322293,0.11914679449313693,0.6354690867986503,0.3746031746031746,0.3603678882746748,0.6396321117253252,3,12.0,12,0.7146837474002099,0.05367560572902197,0.03805306323321604
random_sparse,block_random,1,60,,6,0.18,0.8,0.4,uniform,12,0.02137120000008963,259.1996034040354,12128.453404719825,0.06476777800342344,0.06435293912060921,1.5035093050367783,62.35121575322293,0.11914679449313693,0.6354690867986503,0.3746031746031746,0.3249779342334482,0.6750220657665518,3,12.0,12,0.7622396069998264,0.05065220240774308,0.03464779298221253
random_sparse,block_precision_bfs,1,60,,6,0.18,0.8,0.4,uniform,12,0.02894035500003156,245.5406626840793,8484.36941025124,0.05035571147781522,0.12390442237616324,2.2094502157744853,62.35121575322293,0.11914679449313693,0.6354690867986503,0.3746031746031746,0.3191572639747349,0.6808427360252651,4,9.0,12,0.7865778545561554,0.038595836130745374,0.06316817109394843
random_sparse,block_topological,1,60,,6,0.18,0.8,0.4,uniform,16,0.021697928999969918,320.1559771767234,14755.13986506119,0.048457342296943144,0.0649638549587761,1.58089356363243,62.35121575322293,0.11914679449313693,0.6354690867986503,0.3746031746031746,0.4767265960971811,0.5232734039028188,3,12.0,16,0.7201492889723974,0.037746621922251346,0.04975104220060796
random_sparse,block_random,1,60,,6,0.18,0.8,0.4,uniform,16,0.02160441599994556,250.53253615186213,11596.357714667847,0.054210757202472,0.06616120524461745,1.6561827710245842,62.35121575322293,0.11914679449313693,0.6354690867986503,0.3746031746031746,0.3724997971208042,0.6275002028791958,3,12.0,16,0.7608622943987896,0.03991571185578994,0.022120731865900235
random_sparse,block_precision_bfs,1,60,,6,0.18,0.8,0.4,uniform,16,0.0444419079999534,325.8339834908039,7331.683047702308,0.07834322997137479,0.1277630756695299,1.9034946137551967,62.35121575322293,0.11914679449313693,0.6354690867986503,0.3746031746031746,0.5312131405469132,0.46878685945308685,6,6.0,16,0.7275901363653007,0.053299318232893154,0.07402927935411464
random_sparse,block_topological,1,60,,6,0.18,0.8,0.4,deep,2,0.11438221599996723,148.8615978027611,1301.4400578041236,0.11860946270781618,0.17616130659514254,3.53345420921073,79.56606134076611,0.14238070827510177,0.7049387955909012,0.4111111111111111,0.02613899910474837,0.9738610008952516,18,2.0,2,0.8589124664366579,0.1037336726925235,0.14419640285377008
random_sparse,block_random,1,60,,6,0.18,0.8,0.4,deep,2,0.11797448899994833,144.47050396003908,1224.59105510601,0.13778809703968936,0.17810034810571368,3.493176629794584,79.56606134076611,0.14238070827510177,0.7049387955909012,0.4111111111111111,0.018482654658816242,0.9815173453411837,18,2.0,2,0.8545938411000455,0.12391911314958995,0.14829679599385154
random_sparse,block_precision_bfs,1,60,,6,0.18,0.8,0.4,deep,2,0.12500139700000545,137.9911646935374,1103.9169801720807,0.07700212862629481,0.14232499279332292,3.585704555410787,79.56606134076611,0.14238070827510177,0.7049387955909012,0.4111111111111111,0.16837202116942232,0.8316279788305777,20,1.8,2,0.8350791432456691,0.06032927192632787,0.11674082451358413
random_sparse,block_topological,1,60,,6,0.18,0.8,0.4,deep,4,0.058443993999958366,148.0233301572977,2532.7380972183923,0.16033309322599804,0.16516557787811015,3.021515589816913,79.56606134076611,0.14238070827510177,0.7049387955909012,0.4111111111111111,0.14386781249338224,0.8561321875066178,9,4.0,4,0.8308435511717482,0.1429145008846594,0.12925650801378452
random_sparse,block_random,1,60,,6,0.18,0.8,0.4,deep,4,0.05801348499994674,146.03867413047377,2517.3228970920786,0.07008922573034565,0.17618295780240584,2.9021215706418397,79.56606134076611,0.14238070827510177,0.7049387955909012,0.4111111111111111,0.07026365354069639,0.9297363464593036,9,4.0,4,0.8636031190874298,0.05951444702478392,0.15373080525044172
random_sparse,block_precision_bfs,1,60,,6,0.18,0.8,0.4,deep,4,0.06465453700002399,152.2651519118848,2355.057494446651,0.060895799700808904,0.16436220779963318,3.879293607246337,79.56606134076611,0.14238070827510177,0.7049387955909012,0.4111111111111111,0.24916515762395364,0.7508348423760464,10,3.6,4,0.8694111675787758,0.03840993045319504,0.11501452774341261
random_sparse,block_topological,1,60,,6,0.18,0.8,0.4,deep,8,0.033991557000035755,188.05485749256994,5532.39904522091,0.0794807927928407,0.10498280179149928,2.4017806842063147,79.56606134076611,0.14238070827510177,0.7049387955909012,0.4111111111111111,0.3104901431488059,0.6895098568511941,5,7.2,8,0.831232096830413,0.063947647064806,0.06640239301111038
random_sparse,block_random,1,60,,6,0.18,0.8,0.4,deep,8,0.03396781200001442,168.99932914878053,4975.2786299190775,0.09923116221205748,0.1879476514631577,3.251937248799087,79.56606134076611,0.14238070827510177,0.7049387955909012,0.4111111111111111,0.19283850387331508,0.8071614961266849,5,7.2,8,0.8251063984864817,0.08354630124137669,0.12079253820253472
random_sparse,block_precision_bfs,1,60,,6,0.18,0.8,0.4,deep,8,0.03963634800004456,179.457983095955,4527.611451381778,0.09209110584191937,0.11233880042155013,2.5689378823849696,79.56606134076611,0.14238070827510177,0.7049387955909012,0.4111111111111111,0.31640331637335417,0.6835966836266458,6,6.0,8,0.8648932250826562,0.07884815138291693,0.0848578282898355
random_sparse,block_topological,1,60,,6,0.18,0.8,0.4,deep,12,0.021765340999991167,208.5564069325823,9582.041785270763,0.06118436687930253,0.07912522410929458,2.5615857215485214,79.56606134076611,0.14238070827510177,0.7049387955909012,0.4111111111111111,0.3947638854741063,0.6052361145258938,3,12.0,12,0.8062687982470365,0.043997856275168154,0.04210709830176472
random_sparse,block_random,1,60,,6,0.18,0.8,0.4,deep,12,0.022278280000023187,159.81804056041628,7173.715410716175,0.06877640881297736,0.11766385805195048,2.68332055680164,79.56606134076611,0.14238070827510177,0.7049387955909012,0.4111111111111111,0.3056734091029645,0.6943265908970355,3,12.0,12,0.8415202218741136,0.05373134617710005,0.0660843026271825
random_sparse,block_precision_bfs,1,60,,6,0.18,0.8,0.4,deep,12,0.021563068999967072,247.82846387307603,11493.190689760093,0.06308943207181962,0.08259983501406393,2.0261206379003025,79.56606134076611,0.14238070827510177,0.7049387955909012,0.4111111111111111,0.434555745370945,0.565444254629055,3,12.0,12,0.8180082266609533,0.04577256225288963,0.05121119249773022
random_sparse,block_topological,1,60,,6,0.18,0.8,0.4,deep,16,0.021790322000015294,200.15333752244908,9185.423580354094,0.07924619466014601,0.16872419667925184,2.6623262965195784,79.56606134076611,0.14238070827510177,0.7049387955909012,0.4111111111111111,0.5188152474559147,0.4811847525440853,3,12.0,16,0.7882191544982633,0.06108166117851045,0.1078415610481983
random_sparse,block_random,1,60,,6,0.18,0.8,0.4,deep,16,0.0217048629999681,216.59594958129452,9979.143825124022,0.08719642004487482,0.18891929553048895,3.023055688077951,79.56606134076611,0.14238070827510177,0.7049387955909012,0.4111111111111111,0.4497569710011152,0.5502430289988848,3,12.0,16,0.8585096910302139,0.07823990517110291,0.13111555009057552
random_sparse,block_precision_bfs,1,60,,6,0.18,0.8,0.4,deep,16,0.035218899000028614,250.03235979009267,7099.380357968871,0.14799791581215122,0.16233192516304823,3.041656363205215,79.56606134076611,0.14238070827510177,0.7049387955909012,0.4111111111111111,0.5499900921449452,0.4500099078550548,5,7.2,16,0.7893650015484591,0.12230879611892409,0.12796273949322975
random_sparse,block_topological,2,60,,6,0.18,0.8,0.4,uniform,2,0.10872359799998321,163.56829006773117,1504.4414743132068,0.12126084708089022,0.21339419274523408,4.3739183067011655,77.8311185931396,0.12810576416678776,0.7354274312104018,0.30952380952380953,0.01624158746234522,0.9837584125376548,18,2.0,2,0.87391939743403,0.11126518348049877,0.18116403773716444
random_sparse,block_random,2,60,,6,0.18,0.8,0.4,uniform,2,0.11216952500001298,165.07950847882643,1471.6965992216453,0.1500072997104671,0.13089096641417844,3.7693744206847937,77.8311185931396,0.12810576416678776,0.7354274312104018,0.30952380952380953,0.03152322190048759,0.9684767780995124,18,2.0,2,0.8704811152650557,0.132987706583034,0.10929262310505969
random_sparse,block_precision_bfs,2,60,,6,0.18,0.8,0.4,uniform,2,0.1251484790000177,215.04081164340982,1718.285458694064,0.17652382081861315,0.16228472320327947,3.7351286160253068,77.8311185931396,0.12810576416678776,0.7354274312104018,0.30952380952380953,0.22794277334619606,0.7720572266538039,20,1.8,2,0.8269540608824156,0.15766394690750624,0.12527531933910754
random_sparse,block_topological,2,60,,6,0.18,0.8,0.4,uniform,4,0.05792867499997101,162.14360384324726,2799.021449106654,0.204872105434071,0.1650099669175787,3.9949196889610907,77.8311185931396,0.12810576416678776,0.7354274312104018,0.30952380952380953,0.08867497127098155,0.9113250287290184,9,4.0,4,0.866157005269004,0.18668649726026337,0.12207462435097016
random_sparse,block_random,2,60,,6,0.18,0.8,0.4,uniform,4,0.05703859000004741,173.33895342008853,3038.976829896119,0.12360967241468897,0.1931452911734956,3.878228341233721,77.8311185931396,0.12810576416678776,0.7354274312104018,0.30952380952380953,0.0775870471966556,0.9224129528033445,9,4.0,4,0.8840003041232476,0.10818445667402281,0.16688324141309677
random_sparse,block_precision_bfs,2,60,,6,0.18,0.8,0.4,uniform,4,0.08449200999996265,154.59312895204872,1829.6774920151274,0.09108500297851002,0.12298758979379543,2.6804638917328005,77.8311185931396,0.12810576416678776,0.7354274312104018,0.30952380952380953,0.2706639515735316,0.7293360484264684,13,2.769230769230769,4,0.8727937977110376,0.07037488034969235,0.09271116637462422
random_sparse,block_topological,2,60,,6,0.18,0.8,0.4,uniform,8,0.03313662599998679,176.70521755301456,5332.625522981278,0.13215598932641398,0.2236536681447973,3.8217205177723645,77.8311185931396,0.12810576416678776,0.7354274312104018,0.30952380952380953,0.24409326349900723,0.7559067365009928,5,7.2,8,0.8548477499892413,0.10879176308004516,0.17195500139244949
random_sparse,block_random,2,60,,6,0.18,0.8,0.4,uniform,8,0.03410468300000957,169.92171501442184,4982.357262032729,0.12851636608312123,0.1199601431658894,3.1182079677006755,77.8311185931396,0.12810576416678776,0.7354274312104018,0.30952380952380953,0.21506278532980067,0.7849372146701994,5,7.2,8,0.8407996642864342,0.1114494138333614,0.07585189273001398
random_sparse,block_precision_bfs,2,60,,6,0.18,0.8,0.4,uniform,8,0.05228506200000993,231.36379313338637,4425.0457833126875,0.09979375390053043,0.13163362935831427,2.870803124637274,77.8311185931396,0.12810576416678776,0.7354274312104018,0.30952380952380953,0.39938690625593337,0.6006130937440666,8,4.5,8,0.8363435566080375,0.0853003827736394,0.06644172927086585
random_sparse,block_topological,2,60,,6,0.18,0.8,0.4,uniform,12,0.02239930399991863,220.82951408148423,9858.766776069759,0.17022719808362102,0.1825044549853423,4.438756813640598,77.8311185931396,0.12810576416678776,0.7354274312104018,0.30952380952380953,0.4388877447895124,0.5611122552104876,3,12.0,12,0.8412285042181649,0.15002924122902378,0.14951150202313837
random_sparse,block_random,2,60,,6,0.18,0.8,0.4,uniform,12,0.02150712200000271,199.56282381052472,9278.918109568522,0.05134604988214498,0.11003199847019328,2.69341611155869,77.8311185931396,0.12810576416678776,0.7354274312104018,0.30952380952380953,0.28756187350088014,0.7124381264991199,3,12.0,12,0.8363961350924489,0.037708064781850986,0.061063170480387834
random_sparse,block_precision_bfs,2,60,,6,0.18,0.8,0.4,uniform,12,0.028091807000009794,282.32653448459564,10050.137909764837,0.08286806820947995,0.18202911819903297,3.445594069081045,77.8311185931396,0.12810576416678776,0.7354274312104018,0.30952380952380953,0.5320488982078885,0.4679511017921115,4,9.0,12,0.8436020055464377,0.05984957532665454,0.1391244104202725
random_sparse,block_topological,2,60,,6,0.18,0.8,0.4,uniform,16,0.021260012000084316,241.77294448747256,11372.192286933501,0.09721493399773899,0.08872317382429597,2.996632803877402,77.8311185931396,0.12810576416678776,0.7354274312104018,0.30952380952380953,0.4862589859973143,0.5137410140026857,3,12.0,16,0.8263873518800726,0.07095717091841282,0.07341330422048833
random_sparse,block_random,2,60,,6,0.18,0.8,0.4,uniform,16,0.02159803799997917,226.31938687932853,10478.701207931332,0.07829429618732196,0.11280116237387662,2.9344766432753713,77.8311185931396,0.12810576416678776,0.7354274312104018,0.30952380952380953,0.2898233100827104,0.7101766899172897,3,12.0,16,0.7992317956333024,0.059575777834724016,0.07934399834840453
random_sparse,block_precision_bfs,2,60,,6,0.18,0.8,0.4,uniform,16,0.0408710939999537,272.1385632436467,6658.460457259964,0.11199820975919991,0.17416593892704102,2.868080742461556,77.8311185931396,0.12810576416678776,0.7354274312104018,0.30952380952380953,0.5865172404479917,0.4134827595520083,6,6.0,16,0.8097413391002031,0.08778069005901401,0.10969064920618483
random_sparse,block_topological,2,60,,6,0.18,0.8,0.4,deep,2,0.10678824100000384,215.79433575364973,2020.768707611187,0.03930520115929397,0.08733280696747682,1.5529876491728125,57.544820896380514,0.12426481279155976,0.6861645868812366,0.4111111111111111,0.02917748264184155,0.9708225173581585,18,2.0,2,0.8578052611424347,0.026576680648112302,0.05046663020583513
random_sparse,block_random,2,60,,6,0.18,0.8,0.4,deep,2,0.11148591099993155,183.63987433689513,1647.2025271158066,0.045308795059328846,0.10868082391595446,2.1804887658401926,57.544820896380514,0.12426481279155976,0.6861645868812366,0.4111111111111111,0.044983219885464186,0.9550167801145358,18,2.0,2,0.8472628666230467,0.03322206136215926,0.085481142904021
random_sparse,block_precision_bfs,2,60,,6,0.18,0.8,0.4,deep,2,0.13410111099994992,234.3263753330842,1747.3857866335775,0.05957738885548958,0.07324480394114158,2.007700819014705,57.544820896380514,0.12426481279155976,0.6861645868812366,0.4111111111111111,0.17275190864366197,0.827248091356338,20,1.8,2,0.850073969393009,0.04450252661364127,0.04471295629354251
random_sparse,block_topological,2,60,,6,0.18,0.8,0.4,deep,4,0.06116718100008711,186.1620758148257,3043.4960835380098,0.053559203094482276,0.13244040424750728,2.5951584130504695,57.544820896380514,0.12426481279155976,0.6861645868812366,0.4111111111111111,0.10774862694130827,0.8922513730586917,9,4.0,4,0.835922799446043,0.042397385539381646,0.10205301286261498
random_sparse,block_random,2,60,,6,0.18,0.8,0.4,deep,4,0.05686862999993991,211.53193530210228,3719.6594203575114,0.07708486210126177,0.10585966687375833,1.831321780206246,57.544820896380514,0.12426481279155976,0.6861645868812366,0.4111111111111111,0.08188812398458008,0.9181118760154199,9,4.0,4,0.8495510156104841,0.06870438930916685,0.0748306835739143
random_sparse,block_precision_bfs,2,60,,6,0.18,0.8,0.4,deep,4,0.07505613099999664,238.05261254650975,3171.6611204822216,0.048507485419638806,0.07756200868115684,1.5126094129290935,57.544820896380514,0.12426481279155976,0.6861645868812366,0.4111111111111111,0.28613162234975703,0.713868377650243,11,3.272727272727273,4,0.8283141602486352,0.03627028647211534,0.04145250276905916
random_sparse,block_topological,2,60,,6,0.18,0.8,0.4,deep,8,0.03294376199994531,241.45309377504952,7329.250793380865,0.058519705242665754,0.0697847331568017,1.446139515967231,57.544820896380514,0.12426481279155976,0.6861645868812366,0.4111111111111111,0.2995251716096153,0.7004748283903848,5,7.2,8,0.7927319317392916,0.04867921167457529,0.0452843476780204
random_sparse,block_random,2,60,,6,0.18,0.8,0.4,deep,8,0.03272456100000909,213.0458465623624,6510.273630937425,0.06696280105686948,0.09752472191755529,2.0385543301418036,57.544820896380514,0.12426481279155976,0.6861645868812366,0.4111111111111111,0.2066043737150055,0.7933956262849945,5,7.2,8,0.8411431986256965,0.05278989185054646,0.05377587435825321
random_sparse,block_precision_bfs,2,60,,6,0.18,0.8,0.4,deep,8,0.04715217600005417,254.0217329027795,5387.274871524225,0.044033663843480716,0.0575890285599927,1.6230763707158324,57.544820896380514,0.12426481279155976,0.6861645868812366,0.4111111111111111,0.33852639027769144,0.6614736097223086,7,5.142857142857143,8,0.7319198815023541,0.01836706419517118,0.030492232396982306
random_sparse,block_topological,2,60,,6,0.18,0.8,0.4,deep,12,0.021040625999944496,283.0978153883018,13454.819043361571,0.07657830056288936,0.05547724741577665,1.27268693069095,57.544820896380514,0.12426481279155976,0.6861645868812366,0.4111111111111111,0.4261400700599699,0.5738599299400301,3,12.0,12,0.775623138835402,0.06454256340399951,0.0298093723103666
random_sparse,block_random,2,60,,6,0.18,0.8,0.4,deep,12,0.02140880100000686,263.1483554482228,12291.597060860086,0.049618444956429544,0.06572052518660554,1.4039618072193256,57.544820896380514,0.12426481279155976,0.6861645868812366,0.4111111111111111,0.2524711352983302,0.7475288647016698,3,12.0,12,0.8268792028225928,0.029816110334516834,0.02945772976914105
random_sparse,block_precision_bfs,2,60,,6,0.18,0.8,0.4,deep,12,0.03178377399990495,291.26506778718004,9163.954783596531,0.07906039197537544,0.08242995706450054,1.7425521870151448,57.544820896380514,0.12426481279155976,0.6861645868812366,0.4111111111111111,0.4313067289812655,0.5686932710187345,4,9.0,12,0.6369570717229264,0.05526649233693441,0.041230600489884944
random_sparse,block_topological,2,60,,6,0.18,0.8,0.4,deep,16,0.023288016000037715,315.22565319741705,13535.960006078085,0.042454194383386476,0.07637292367563256,1.5965413140578024,57.544820896380514,0.12426481279155976,0.6861645868812366,0.4111111111111111,0.5188135881585497,0.4811864118414503,3,12.0,16,0.7007609711090106,0.028211080925253325,0.040825599469922966
random_sparse,block_random,2,60,,6,0.18,0.8,0.4,deep,16,0.022822788999974364,308.49379935116207,13516.919398041518,0.08720405990800409,0.09553770760921543,1.7683529091427277,57.544820896380514,0.12426481279155976,0.6861645868812366,0.4111111111111111,0.4434333605154658,0.5565666394845342,3,12.0,16,0.7608063015388186,0.061789970308409,0.05811412042822303
random_sparse,block_precision_bfs,2,60,,6,0.18,0.8,0.4,deep,16,0.04006588100003228,316.7613557738535,7906.012494111843,0.06777176711538588,0.062240510761430244,1.3602119389706626,57.544820896380514,0.12426481279155976,0.6861645868812366,0.4111111111111111,0.5581872056164315,0.44181279438356846,6,6.0,16,0.711681448646826,0.045355950036102786,0.034609570064455884
